        f (GHz),             |S[1][1]| (dB),        arg(S[1][1]) (deg.),             |S[2][1]| (dB),        arg(S[2][1]) (deg.),             |S[3][1]| (dB),        arg(S[3][1]) (deg.),             |S[4][1]| (dB),        arg(S[4][1]) (deg.),             |S[1][2]| (dB),        arg(S[1][2]) (deg.),             |S[2][2]| (dB),        arg(S[2][2]) (deg.),             |S[3][2]| (dB),        arg(S[3][2]) (deg.),             |S[4][2]| (dB),        arg(S[4][2]) (deg.),             |S[1][3]| (dB),        arg(S[1][3]) (deg.),             |S[2][3]| (dB),        arg(S[2][3]) (deg.),             |S[3][3]| (dB),        arg(S[3][3]) (deg.),             |S[4][3]| (dB),        arg(S[4][3]) (deg.),             |S[1][4]| (dB),        arg(S[1][4]) (deg.),             |S[2][4]| (dB),        arg(S[2][4]) (deg.),             |S[3][4]| (dB),        arg(S[3][4]) (deg.),             |S[4][4]| (dB),        arg(S[4][4]) (deg.)
 1.00000000e-02,        -8.998280514292e+01,        +8.990588890683e+01,        -6.479981272164e-08,        -8.482812373210e-02,        -8.574035947821e+01,        +8.991512156570e+01,        -9.041279591074e+01,        -9.009146742467e+01,        -7.467750775898e-08,        -8.482810824858e-02,        -8.998273122287e+01,        +8.991966749692e+01,        -9.041279318267e+01,        -9.009134318852e+01,        -8.574036103812e+01,        +8.991535901532e+01,        -8.574037100463e+01,        +8.991399898481e+01,        -9.041277580767e+01,        -9.008935884409e+01,        -9.001855990696e+01,        +8.990882391466e+01,        -6.469281769545e-08,        -8.473675668640e-02,        -9.041279941329e+01,        -9.009120142025e+01,        -8.574035739935e+01,        +8.991516492220e+01,        -7.034747585357e-08,        -8.473674429343e-02,        -9.001850058963e+01,        +8.991596921634e+01
 2.50000000e-01,        -6.201057941928e+01,        +8.764754488805e+01,        -4.050792193839e-05,        -2.120711248987e+00,        -5.778207876508e+01,        +8.787796411624e+01,        -6.245346840746e+01,        -9.228679596890e+01,        -4.050792307341e-05,        -2.120711248752e+00,        -6.201063883374e+01,        +8.794014389880e+01,        -6.245345344197e+01,        -9.228203395396e+01,        -5.778206270052e+01,        +8.788293243007e+01,        -5.778207876594e+01,        +8.787796411625e+01,        -6.245345344189e+01,        -9.228203395396e+01,        -6.204642007207e+01,        +8.772075415917e+01,        -4.043443024024e-05,        -2.118426925087e+00,        -6.245346840801e+01,        -9.228679596854e+01,        -5.778206270010e+01,        +8.788293243038e+01,        -4.043442966550e-05,        -2.118426925167e+00,        -6.204645162461e+01,        +8.786966034544e+01
 5.00000000e-01,        -5.594977916597e+01,        +8.529695843539e+01,        -1.621156508198e-04,        -4.241471539594e+00,        -5.176304101433e+01,        +8.575547730664e+01,        -5.643128659965e+01,        -9.457425489566e+01,        -1.621156509616e-04,        -4.241471539561e+00,        -5.595001490010e+01,        +8.587934743026e+01,        -5.643122675970e+01,        -9.456473770290e+01,        -5.176297675686e+01,        +8.576540448772e+01,        -5.176304101437e+01,        +8.575547730664e+01,        -5.643122675968e+01,        -9.456473770297e+01,        -5.598589045761e+01,        +8.544271894934e+01,        -1.618205003096e-04,        -4.236902159957e+00,        -5.643128659967e+01,        -9.457425489562e+01,        -5.176297675681e+01,        +8.576540448771e+01,        -1.618205003964e-04,        -4.236902159969e+00,        -5.598601564624e+01,        +8.573904412308e+01
 7.50000000e-01,        -5.236141755576e+01,        +8.295004752073e+01,        -3.650773319081e-04,        -6.362330052810e+00,        -4.824382372409e+01,        +8.363208851138e+01,        -5.290683370231e+01,        -9.686303827855e+01,        -3.650773320007e-04,        -6.362330052784e+00,        -5.236194087972e+01,        +8.381669916102e+01,        -5.290669915878e+01,        -9.684877955236e+01,        -4.824367916147e+01,        +8.364695566024e+01,        -4.824382372409e+01,        +8.363208851135e+01,        -5.290669915874e+01,        -9.684877955241e+01,        -5.239797210842e+01,        +8.316706483168e+01,        -3.644087636284e-04,        -6.355474150830e+00,        -5.290683370233e+01,        -9.686303827854e+01,        -4.824367916145e+01,        +8.364695566020e+01,        -3.644087635561e-04,        -6.355474150815e+00,        -5.239825001423e+01,        +8.360788227451e+01
 1.00000000e+00,        -4.977045068603e+01,        +8.060849960744e+01,        -6.498240314967e-04,        -8.483336244537e+00,        -4.574870905618e+01,        +8.150734640562e+01,        -5.040439858015e+01,        -9.915380469722e+01,        -6.498240313481e-04,        -8.483336244546e+00,        -4.977136389266e+01,        +8.175134357507e+01,        -5.040415963081e+01,        -9.913482483321e+01,        -4.574845209759e+01,        +8.152712516119e+01,        -4.574870905618e+01,        +8.150734640561e+01,        -5.040415963082e+01,        -9.913482483325e+01,        -4.980760989642e+01,        +8.089488461671e+01,        -6.486241877901e-04,        -8.474191615690e+00,        -5.040439858016e+01,        -9.915380469720e+01,        -4.574845209761e+01,        +8.152712516123e+01,        -6.486241880736e-04,        -8.474191615676e+00,        -4.980809481970e+01,        +8.147592031997e+01
 1.25000000e+00,        -4.771532456814e+01,        +7.827383295205e+01,        -1.016974873007e-03,        -1.060453997403e+01,        -4.381523008633e+01,        +7.938079928061e+01,        -4.846152363486e+01,        -1.014472083638e+02,        -1.016974872841e-03,        -1.060453997404e+01,        -4.771671820857e+01,        +7.968250440229e+01,        -4.846115075480e+01,        -1.014235344242e+02,        -4.381482867203e+01,        +7.940545180547e+01,        -4.381523008633e+01,        +7.938079928061e+01,        -4.846115075480e+01,        -1.014235344242e+02,        -4.775323503130e+01,        +7.862716101103e+01,        -1.015077120637e-03,        -1.059310367011e+01,        -4.846152363486e+01,        -1.014472083638e+02,        -4.381482867203e+01,        +7.940545180547e+01,        -1.015077120729e-03,        -1.059310367010e+01,        -4.775397501618e+01,        +7.934292440125e+01
 1.50000000e+00,        -4.599117556885e+01,        +7.594735745498e+01,        -1.467352439479e-03,        -1.272599162119e+01,        -4.223739937179e+01,        +7.725199493882e+01,        -4.687223331518e+01,        -1.037438976836e+02,        -1.467352439281e-03,        -1.272599162118e+01,        -4.599312640405e+01,        +7.760950295479e+01,        -4.687169720457e+01,        -1.037155632864e+02,        -4.223682148148e+01,        +7.728147389965e+01,        -4.223739937180e+01,        +7.725199493883e+01,        -4.687169720458e+01,        -1.037155632864e+02,        -4.602996630175e+01,        +7.636474105422e+01,        -1.464578455480e-03,        -1.271225994300e+01,        -4.687223331518e+01,        -1.037438976836e+02,        -4.223682148148e+01,        +7.728147389963e+01,        -1.464578455528e-03,        -1.271225994301e+01,        -4.603100204110e+01,        +7.720868604723e+01
 1.75000000e+00,        -4.448943355250e+01,        +7.363014785857e+01,        -2.002002244487e-03,        -1.484774218942e+01,        -4.090534506678e+01,        +7.512048060955e+01,        -4.552667015931e+01,        -1.060445138297e+02,        -2.002002244627e-03,        -1.484774218942e+01,        -4.449200328922e+01,        +7.553177067528e+01,        -4.552594178933e+01,        -1.060115590123e+02,        -4.090455872786e+01,        +7.515472915256e+01,        -4.090534506679e+01,        +7.512048060955e+01,        -4.552594178934e+01,        -1.060115590123e+02,        -4.452921410536e+01,        +7.410831852027e+01,        -1.998158808633e-03,        -1.483171067830e+01,        -4.552667015932e+01,        -1.060445138297e+02,        -4.090455872787e+01,        +7.515472915255e+01,        -1.998158808561e-03,        -1.483171067830e+01,        -4.453057826223e+01,        +7.507302541609e+01
 2.00000000e+00,        -4.314596702410e+01,        +7.132302980794e+01,        -2.622216031709e-03,        -1.696984339084e+01,        -3.975349198171e+01,        +7.298580288931e+01,        -4.435927576608e+01,        -1.083496893339e+02,        -2.622216031821e-03,        -1.696984339084e+01,        -4.314920183212e+01,        +7.344885566179e+01,        -4.435832642237e+01,        -1.083121603934e+02,        -3.975246527720e+01,        +7.302475461070e+01,        -3.975349198171e+01,        +7.298580288931e+01,        -4.435832642237e+01,        -1.083121603934e+02,        -4.318682649190e+01,        +7.185842464759e+01,        -2.617091464836e-03,        -1.695150681885e+01,        -4.435927576608e+01,        -1.083496893339e+02,        -3.975246527720e+01,        +7.302475461069e+01,        -2.617091464829e-03,        -1.695150681885e+01,        -4.318854343595e+01,        +7.293579296312e+01
 2.25000000e+00,        -4.192003618941e+01,        +6.902657817221e+01,        -3.329558604923e-03,        -1.909234771023e+01,        -3.873955161365e+01,        +7.084750771231e+01,        -4.332778072315e+01,        -1.106600466966e+02,        -3.329558604987e-03,        -1.909234771023e+01,        -4.192396693445e+01,        +7.136042343525e+01,        -4.332658204651e+01,        -1.106179960082e+02,        -3.873825268962e+01,        +7.089108662351e+01,        -3.873955161365e+01,        +7.084750771231e+01,        -4.332658204651e+01,        -1.106179960082e+02,        -4.196204306809e+01,        +6.961542682751e+01,        -3.322918804743e-03,        -1.907170006983e+01,        -4.332778072315e+01,        -1.106600466966e+02,        -3.873825268962e+01,        +7.089108662351e+01,        -3.322918804733e-03,        -1.907170006983e+01,        -4.196412899332e+01,        +7.079686960260e+01
 2.50000000e+00,        -4.078439330732e+01,        +6.674112614955e+01,        -4.125897847689e-03,        -2.121530844498e+01,        -3.783465880359e+01,        +6.870514035565e+01,        -4.240334114866e+01,        -1.129761970160e+02,        -4.125897847649e-03,        -2.121530844498e+01,        -4.078903638842e+01,        +6.926625264507e+01,        -4.240186517263e+01,        -1.129296828321e+02,        -3.783305587615e+01,        +6.875326084341e+01,        -3.783465880359e+01,        +6.870514035565e+01,        -4.240186517263e+01,        -1.129296828321e+02,        -4.082759608803e+01,        +6.737953431070e+01,        -4.117481872647e-03,        -2.119234293828e+01,        -4.240334114866e+01,        -1.129761970160e+02,        -3.783305587615e+01,        +6.875326084341e+01,        -4.117481872656e-03,        -2.119234293828e+01,        -4.083005945290e+01,        +6.865616554833e+01
 2.75000000e+00,        -3.972011137265e+01,        +6.446678307616e+01,        -5.013437537824e-03,        -2.333877971799e+01,        -3.701823461735e+01,        +6.655824548425e+01,        -4.156540144411e+01,        -1.152987386401e+02,        -5.013437537830e-03,        -2.333877971799e+01,        -3.972547002488e+01,        +6.716622668918e+01,        -4.156362062918e+01,        -1.152478248719e+02,        -3.701629597907e+01,        +6.661081226534e+01,        -3.701823461735e+01,        +6.655824548426e+01,        -4.156362062919e+01,        -1.152478248719e+02,        -3.976453973349e+01,        +6.515080960621e+01,        -5.002952702444e-03,        -2.331348874619e+01,        -4.156540144411e+01,        -1.152987386401e+02,        -3.701629597907e+01,        +6.661081226534e+01,        -5.002952702410e-03,        -2.331348874619e+01,        -3.976738195024e+01,        +6.651361808985e+01
 3.00000000e+00,        -3.871366078013e+01,        +6.220345857346e+01,        -5.994752521938e-03,        -2.546281646108e+01,        -3.627509400311e+01,        +6.440636724005e+01,        -4.079880181254e+01,        -1.176282558390e+02,        -5.994752521965e-03,        -2.546281646108e+01,        -3.871972669490e+01,        +6.506032236269e+01,        -4.079668907673e+01,        -1.175730118237e+02,        -3.627278802876e+01,        +6.446327531054e+01,        -3.627509400311e+01,        +6.440636724005e+01,        -4.079668907673e+01,        -1.175730118237e+02,        -3.875932722034e+01,        +6.292918405058e+01,        -5.981868971348e-03,        -2.543519161444e+01,        -4.079880181254e+01,        -1.176282558390e+02,        -3.627278802876e+01,        +6.446327531054e+01,        -5.981868971335e-03,        -2.543519161444e+01,        -3.876254351484e+01,        +6.436918860360e+01
 3.25000000e+00,        -3.775515167440e+01,        +5.995089064957e+01,        -7.072825770306e-03,        -2.758747436637e+01,        -3.559371519381e+01,        +6.224904938012e+01,        -4.009204751134e+01,        -1.199653174996e+02,        -7.072825770414e-03,        -2.758747436637e+01,        -3.776190679526e+01,        +6.294859666090e+01,        -4.008957625693e+01,        -1.199058177552e+02,        -3.559101034541e+01,        +6.231018395908e+01,        -3.559371519381e+01,        +6.224904938012e+01,        -4.008957625693e+01,        -1.199058177552e+02,        -3.780205343683e+01,        +6.071447601006e+01,        -7.057170511986e-03,        -2.755750641532e+01,        -4.009204751134e+01,        -1.199653174996e+02,        -3.559101034541e+01,        +6.231018395908e+01,        -7.057170511969e-03,        -2.755750641532e+01,        -3.780563380368e+01,        +6.222285909372e+01
 3.50000000e+00,        -3.683722384422e+01,        +5.770867557808e+01,        -8.251086794356e-03,        -2.971280980367e+01,        -3.496515231994e+01,        +6.008583546820e+01,        -3.943622130642e+01,        -1.223104758400e+02,        -8.251086794352e-03,        -2.971280980367e+01,        -3.684464221344e+01,        +6.083117277067e+01,        -3.943336544275e+01,        -1.222467998109e+02,        -3.496201715089e+01,        +6.015107193559e+01,        -3.496515231994e+01,        +6.008583546820e+01,        -3.943336544275e+01,        -1.222467998109e+02,        -3.688534498551e+01,        +5.850641030507e+01,        -8.232237171518e-03,        -2.968048869158e+01,        -3.943622130642e+01,        -1.223104758400e+02,        -3.496201715089e+01,        +6.015107193559e+01,        -8.232237171506e-03,        -2.968048869158e+01,        -3.688927517177e+01,        +6.007462854131e+01
 3.75000000e+00,        -3.595431714005e+01,        +5.547629772157e+01,        -9.533450871043e-03,        -3.183887970204e+01,        -3.438232411782e+01,        +5.791626912371e+01,        -3.882427201416e+01,        -1.246642651425e+02,        -9.533450871060e-03,        -3.183887970204e+01,        -3.596236669524e+01,        +5.870822612208e+01,        -3.882100597628e+01,        -1.245964969390e+02,        -3.437872727614e+01,        +5.798547295247e+01,        -3.438232411782e+01,        +5.791626912371e+01,        -3.882100597628e+01,        -1.245964969390e+02,        -3.600363062939e+01,        +5.630463766255e+01,        -9.510927474863e-03,        -3.180419454025e+01,        -3.882427201416e+01,        -1.246642651425e+02,        -3.437872727614e+01,        +5.798547295247e+01,        -9.510927474826e-03,        -3.180419454025e+01,        -3.600789309299e+01,        +5.792450929297e+01
 4.00000000e+00,        -3.510217623602e+01,        +5.325315788062e+01,        -1.092435848679e-02,        -3.396574139413e+01,        -3.383953269918e+01,        +5.573989433246e+01,        -3.825053309811e+01,        -1.270272005029e+02,        -1.092435848682e-02,        -3.396574139413e+01,        -3.511082048169e+01,        +5.657997117946e+01,        -3.824683186129e+01,        -1.269554286360e+02,        -3.383544292962e+01,        +5.581292101434e+01,        -3.383953269918e+01,        +5.573989433246e+01,        -3.824683186129e+01,        -1.269554286360e+02,        -3.515264598837e+01,        +5.410875326789e+01,        -1.089761751182e-02,        -3.392868045980e+01,        -3.825053309811e+01,        -1.270272005029e+02,        -3.383544292962e+01,        +5.581292101434e+01,        -1.089761751179e-02,        -3.392868045980e+01,        -3.515722079092e+01,        +5.577252367172e+01
 4.25000000e+00,        -3.427750553424e+01,        +5.103859917449e+01,        -1.242881438265e-02,        -3.609345242211e+01,        -3.333212849987e+01,        +5.355625582254e+01,        -3.771038743972e+01,        -1.293997765917e+02,        -1.242881438270e-02,        -3.609345242211e+01,        -3.428670503892e+01,        +5.444664945051e+01,        -3.770622652977e+01,        -1.293240937081e+02,        -3.332751464483e+01,        +5.363295078772e+01,        -3.333212849987e+01,        +5.355625582254e+01,        -3.770622652977e+01,        -1.293240937081e+02,        -3.432908830957e+01,        +5.191831376063e+01,        -1.239723944250e-02,        -3.605400315952e+01,        -3.771038743972e+01,        -1.293997765917e+02,        -3.332751464483e+01,        +5.363295078772e+01,        -1.239723944245e-02,        -3.605400315952e+01,        -3.433395391684e+01,        +5.361870093921e+01
 4.50000000e+00,        -3.347772354300e+01,        +4.883192984901e+01,        -1.405242555642e-02,        -3.822207030455e+01,        -3.285627117175e+01,        +5.136489950894e+01,        -3.720002804834e+01,        -1.317824664247e+02,        -1.405242555643e-02,        -3.822207030455e+01,        -3.348743723456e+01,        +5.230851900696e+01,        -3.719538354779e+01,        -1.317029690431e+02,        -3.285110217082e+01,        +5.144509803893e+01,        -3.285627117175e+01,        +5.136489950894e+01,        -3.719538354779e+01,        -1.317029690431e+02,        -3.353037066661e+01,        +4.973285227056e+01,        -1.401531898665e-02,        -3.818021933049e+01,        -3.720002804834e+01,        -1.317824664247e+02,        -3.285110217082e+01,        +5.144509803892e+01,        -1.401531898666e-02,        -3.818021933049e+01,        -3.353550464176e+01,        +5.146307468872e+01
 4.75000000e+00,        -3.270078505466e+01,        +4.663244273655e+01,        -1.580143755509e-02,        -4.035165226385e+01,        -3.240875523634e+01,        +4.916537300978e+01,        -3.671628353043e+01,        -1.341757201375e+02,        -1.580143755507e-02,        -4.035165226385e+01,        -3.271097130489e+01,        +5.016584565396e+01,        -3.671113208055e+01,        -1.340925083895e+02,        -3.240300012431e+01,        +4.924890014344e+01,        -3.240875523634e+01,        +4.916537300978e+01,        -3.671113208055e+01,        -1.340925083895e+02,        -3.275444393408e+01,        +4.755189130502e+01,        -1.575801124249e-02,        -4.030738537765e+01,        -3.671628353043e+01,        -1.341757201375e+02,        -3.240300012431e+01,        +4.924890014344e+01,        -1.575801124253e-02,        -4.030738537765e+01,        -3.275982351848e+01,        +4.930568070737e+01
 5.00000000e+00,        -3.194505065047e+01,        +4.443943135073e+01,        -1.768276837463e-02,        -4.248225491432e+01,        -3.198688053600e+01,        +4.695722623660e+01,        -3.625648835505e+01,        -1.365799637585e+02,        -1.768276837463e-02,        -4.248225491432e+01,        -3.195566815343e+01,        +4.801889576141e+01,        -3.625080715393e+01,        -1.364931411373e+02,        -3.198050843916e+01,        +4.704389666894e+01,        -3.198688053600e+01,        +4.695722623660e+01,        -3.625080715393e+01,        -1.364931411373e+02,        -3.199966608035e+01,        +4.537495346735e+01,        -1.763213416247e-02,        -4.243555711319e+01,        -3.625648835505e+01,        -1.365799637585e+02,        -3.198050843916e+01,        +4.704389666894e+01,        -1.763213416247e-02,        -4.243555711319e+01,        -3.200526866432e+01,        +4.714655531184e+01
 5.25000000e+00,        -3.120918990439e+01,        +4.225220278411e+01,        -1.970403926685e-02,        -4.461393391133e+01,        -3.158835434839e+01,        +4.474001206082e+01,        -3.581838478256e+01,        -1.389955979760e+02,        -1.970403926687e-02,        -4.461393391133e+01,        -3.122019836275e+01,        +4.586793068060e+01,        -3.581215157923e+01,        -1.389052710940e+02,        -3.158133447887e+01,        +4.482963003400e+01,        -3.158835434839e+01,        +4.474001206082e+01,        -3.581215157923e+01,        -1.389052710940e+02,        -3.126470516324e+01,        +4.320157010818e+01,        -1.964519899844e-02,        -4.456478941160e+01,        -3.581838478256e+01,        -1.389955979760e+02,        -3.158133447887e+01,        +4.482963003400e+01,        -1.964519899848e-02,        -4.456478941160e+01,        -3.127050865390e+01,        +4.498573413833e+01
 5.50000000e+00,        -3.049210897885e+01,        +4.007008769775e+01,        -2.187360174852e-02,        -4.674674356261e+01,        -3.121121631311e+01,        +4.251328705743e+01,        -3.540004760669e+01,        -1.414229968920e+02,        -2.187360174852e-02,        -4.674674356260e+01,        -3.050346961819e+01,        +4.371320261071e+01,        -3.539324069159e+01,        -1.413292752515e+02,        -3.120351796116e+01,        +4.260564624374e+01,        -3.121121631311e+01,        +4.251328705743e+01,        -3.539324069159e+01,        -1.413292752515e+02,        -3.054846672965e+01,        +4.103128809201e+01,        -2.180543702356e-02,        -4.669513582743e+01,        -3.540004760669e+01,        -1.414229968920e+02,        -3.120351796116e+01,        +4.260564624374e+01,        -2.180543702357e-02,        -4.669513582743e+01,        -3.055444982658e+01,        +4.282325135060e+01
 5.75000000e+00,        -2.979289611309e+01,        +3.789244775857e+01,        -2.420056010101e-02,        -4.888073640292e+01,        -3.085378007717e+01,        +4.027661232683e+01,        -3.499982561763e+01,        -1.438625067576e+02,        -2.420056010099e-02,        -4.888073640292e+01,        -2.980457204688e+01,        +4.155495174597e+01,        -3.499242380950e+01,        -1.437655025348e+02,        -3.084537260098e+01,        +4.037149570282e+01,        -3.085378007717e+01,        +4.027661232683e+01,        -3.499242380950e+01,        -1.437655025348e+02,        -2.985003912516e+01,        +3.886367490644e+01,        -2.412182182946e-02,        -4.882664817694e+01,        -3.499982561763e+01,        -1.438625067576e+02,        -3.084537260098e+01,        +4.037149570282e+01,        -2.412182182950e-02,        -4.882664817694e+01,        -2.985618151594e+01,        +4.065913922064e+01
 6.00000000e+00,        -2.911078037798e+01,        +3.571868090546e+01,        -2.669478865301e-02,        -5.101596273420e+01,        -3.051458738279e+01,        +3.802955439432e+01,        -3.461629551087e+01,        -1.463144446827e+02,        -2.669478865300e-02,        -5.101596273420e+01,        -2.912273684691e+01,        +3.939340452047e+01,        -3.460827814031e+01,        -1.462142725293e+02,        -3.050544019569e+01,        +3.812673410566e+01,        -3.051458738279e+01,        +3.802955439432e+01,        -3.460827814031e+01,        -1.462142725293e+02,        -2.916865209045e+01,        +3.669832235944e+01,        -2.660408650472e-02,        -5.095937608575e+01,        -3.461629551087e+01,        -1.463144446827e+02,        -3.050544019569e+01,        +3.812673410566e+01,        -2.660408650472e-02,        -5.095937608575e+01,        -2.917493457855e+01,        +3.849342803243e+01
 6.25000000e+00,        -2.844510035157e+01,        +3.354822482084e+01,        -2.936694314538e-02,        -5.315247013333e+01,        -3.019237154436e+01,        +3.577168618630e+01,        -3.424822518928e+01,        -1.487790973147e+02,        -2.936694314538e-02,        -5.315247013333e+01,        -2.845730485969e+01,        +3.722877276884e+01,        -3.423957207927e+01,        -1.486758741773e+02,        -3.018245409905e+01,        +3.587092340253e+01,        -3.019237154436e+01,        +3.577168618630e+01,        -3.423957207927e+01,        -1.486758741773e+02,        -2.850364529935e+01,        +3.453484910775e+01,        -2.926273500419e-02,        -5.309336650459e+01,        -3.424822518928e+01,        -1.487790973147e+02,        -3.018245409905e+01,        +3.587092340253e+01,        -2.926273500416e-02,        -5.309336650459e+01,        -2.851004987657e+01,        +3.632614625855e+01
 6.50000000e+00,        -2.779528026238e+01,        +3.138055895877e+01,        -3.222846549328e-02,        -5.529030293059e+01,        -2.988602809962e+01,        +3.350258808104e+01,        -3.389454424474e+01,        -1.512567194794e+02,        -3.222846549327e-02,        -5.529030293059e+01,        -2.780770263094e+01,        +3.506125363071e+01,        -3.388523568821e+01,        -1.511505644387e+02,        -2.987530986915e+01,        +3.360363283937e+01,        -2.988602809962e+01,        +3.350258808104e+01,        -3.388523568821e+01,        -1.511505644387e+02,        -2.785444438543e+01,        +3.237290224437e+01,        -3.210904703570e-02,        -5.522866319607e+01,        -3.389454424474e+01,        -1.512567194794e+02,        -2.987530986915e+01,        +3.360363283937e+01,        -3.210904703570e-02,        -5.522866319607e+01,        -2.786095426004e+01,        +3.415732096180e+01
 6.75000000e+00,        -2.716081178258e+01,        +2.921520544503e+01,        -3.529158128223e-02,        -5.742950166215e+01,        -2.959459100582e+01,        +3.122184903061e+01,        -3.355431999037e+01,        -1.537475327781e+02,        -3.529158128224e-02,        -5.742950166215e+01,        -2.717342413993e+01,        +3.289103004333e+01,        -3.354433672521e+01,        -1.536385669109e+02,        -2.958304146093e+01,        +3.132444006784e+01,        -2.959459100582e+01,        +3.122184903061e+01,        -3.354433672521e+01,        -1.536385669109e+02,        -2.722054263777e+01,        +3.021215814973e+01,        -3.515507581159e-02,        -5.736530619588e+01,        -3.355431999037e+01,        -1.537475327781e+02,        -2.958304146093e+01,        +3.132444006784e+01,        -3.515507581157e-02,        -5.736530619588e+01,        -2.722714222815e+01,        +3.198697837753e+01
 7.00000000e+00,        -2.654124011126e+01,        +2.705172912210e+01,        -3.856928936527e-02,        -5.957010250045e+01,        -2.931721316575e+01,        +2.892906774958e+01,        -3.322673782921e+01,        -1.562517241366e+02,        -3.856928936528e-02,        -5.957010250045e+01,        -2.655401683475e+01,        +3.071827168530e+01,        -3.321606101096e+01,        -1.561400704001e+02,        -2.930480174820e+01,        +2.903293232103e+01,        -2.931721316575e+01,        +2.892906774958e+01,        -3.321606101096e+01,        -1.561400704001e+02,        -2.660148700450e+01,        +2.805232278398e+01,        -3.841363804178e-02,        -5.950333125212e+01,        -3.322673782921e+01,        -1.562517241366e+02,        -2.930480174820e+01,        +2.903293232103e+01,        -3.841363804178e-02,        -5.950333125212e+01,        -2.660816190692e+01,        +2.981514463694e+01
 7.25000000e+00,        -2.593615332388e+01,        +2.488973696872e+01,        -4.207534296654e-02,        -6.171213666715e+01,        -2.905315036723e+01,        +2.662385396445e+01,        -3.291108504334e+01,        -1.587694443004e+02,        -4.207534296653e-02,        -6.171213666715e+01,        -2.594907094689e+01,        +2.854313625403e+01,        -3.289969621577e+01,        -1.586552274418e+02,        -2.903984645872e+01,        +2.672870764870e+01,        -2.905315036723e+01,        +2.662385396445e+01,        -3.289969621577e+01,        -1.586552274418e+02,        -2.599686737799e+01,        +2.589313156938e+01,        -4.189829558376e-02,        -6.164276924732e+01,        -3.291108504334e+01,        -1.587694443004e+02,        -2.903984645872e+01,        +2.672870764870e+01,        -4.189829558376e-02,        -6.164276924732e+01,        -2.600360431568e+01,        +2.764184659617e+01
 7.50000000e+00,        -2.534517421205e+01,        +2.272887708250e+01,        -4.582422174547e-02,        -6.385562983337e+01,        -2.880174793655e+01,        +2.430582971641e+01,        -3.260673730424e+01,        -1.613008062735e+02,        -4.582422174548e-02,        -6.385562983337e+01,        -2.535821130719e+01,        +2.636577097776e+01,        -3.259461836813e+01,        -1.611841527650e+02,        -2.878752082273e+01,        +2.441137620440e+01,        -2.880174793655e+01,        +2.430582971641e+01,        -3.259461836813e+01,        -1.611841527650e+02,        -2.540630838393e+01,        +2.373434898533e+01,        -4.562332821113e-02,        -6.378364560792e+01,        -3.260673730424e+01,        -1.613008062735e+02,        -2.878752082273e+01,        +2.441137620440e+01,        -4.562332821113e-02,        -6.378364560792e+01,        -2.541309514325e+01,        +2.546711274035e+01
 7.75000000e+00,        -2.476795402347e+01,        +2.056883737570e+01,        -4.983109433328e-02,        -6.600060151297e+01,        -2.856242956666e+01,        +2.197463070822e+01,        -3.231314736551e+01,        -1.638458836973e+02,        -4.983109433330e-02,        -6.600060151297e+01,        -2.478109107059e+01,        +2.418631428051e+01,        -3.230028054594e+01,        -1.637269216981e+02,        -2.854724839579e+01,        +2.208056157529e+01,        -2.856242956666e+01,        +2.197463070822e+01,        -3.230028054594e+01,        -1.637269216981e+02,        -2.482946308195e+01,        +2.157576797258e+01,        -4.960369702004e-02,        -6.592597970670e+01,        -3.231314736551e+01,        -1.638458836973e+02,        -2.854724839579e+01,        +2.208056157529e+01,        -4.960369702005e-02,        -6.592597970670e+01,        -2.483628844050e+01,        +2.329097413609e+01
 8.00000000e+00,        -2.420416765162e+01,        +1.840934410111e+01,        -5.411177092199e-02,        -6.814706445473e+01,        -2.833468790046e+01,        +1.962990768437e+01,        -3.202983551845e+01,        -1.664047091688e+02,        -5.411177092200e-02,        -6.814706445473e+01,        -2.421738689753e+01,        +2.200489753297e+01,        -3.201620333076e+01,        -1.662835685148e+02,        -2.831852163615e+01,        +1.973590214341e+01,        -2.833468790046e+01,        +1.962990768437e+01,        -3.201620333076e+01,        -1.662835685148e+02,        -2.426600812567e+01,        +1.941720922198e+01,        -5.385499805955e-02,        -6.806978426401e+01,        -3.202983551845e+01,        -1.664047091688e+02,        -2.831852163615e+01,        +1.973590214342e+01,        -5.385499805955e-02,        -6.806978426401e+01,        -2.427286177605e+01,        +2.111346540896e+01
 8.25000000e+00,        -2.365350993054e+01,        +1.625016029574e+01,        -5.868264556661e-02,        -7.029502404013e+01,        -2.811807653950e+01,        +1.727132783150e+01,        -3.175638148066e+01,        -1.689772724973e+02,        -5.868264556660e-02,        -7.029502404013e+01,        -2.366679524573e+01,        +1.982164683529e+01,        -3.174196669545e+01,        -1.688540847203e+02,        -2.810089390693e+01,        +1.737705246543e+01,        -2.811807653950e+01,        +1.727132783150e+01,        -3.174196669545e+01,        -1.688540847203e+02,        -2.371564003581e+01,        +1.725852040311e+01,        -5.839340585112e-02,        -7.021506475430e+01,        -3.175638148066e+01,        -1.689772724973e+02,        -2.810089390693e+01,        +1.737705246543e+01,        -5.839340585113e-02,        -7.021506475430e+01,        -2.372251250785e+01,        +1.893462572579e+01
 8.50000000e+00,        -2.311569277073e+01,        +1.409108420595e+01,        -6.356062795206e-02,        -7.244447769340e+01,        -2.791220321702e+01,        +1.489857618415e+01,        -3.149241745661e+01,        -1.715635189029e+02,        -6.356062795205e-02,        -7.244447769340e+01,        -2.312902950701e+01,        +1.763668478825e+01,        -3.147720306405e+01,        -1.714384172786e+02,        -2.789397264203e+01,        +1.500368465560e+01,        -2.791220321702e+01,        +1.489857618415e+01,        -3.147720306405e+01,        -1.714384172786e+02,        -2.317807232089e+01,        +1.509957537256e+01,        -6.323560655096e-02,        -7.236181882466e+01,        -3.149241745661e+01,        -1.715635189029e+02,        -2.789397264203e+01,        +1.500368465560e+01,        -6.323560655096e-02,        -7.236181882466e+01,        -2.318495490458e+01,        +1.675449976383e+01
 8.75000000e+00,        -2.259044293371e+01,        +1.193194773762e+01,        -6.876306447927e-02,        -7.459541431152e+01,        -2.771672392705e+01,        +1.251135701856e+01,        -3.123762216153e+01,        -1.741633471579e+02,        -6.876306447924e-02,        -7.459541431152e+01,        -2.260381778568e+01,        +1.545013221819e+01,        -3.122159133512e+01,        -1.740364667847e+02,        -2.769741346745e+01,        +1.261548975456e+01,        -2.771672392705e+01,        +1.251135701856e+01,        -3.122159133512e+01,        -1.740364667847e+02,        -2.265303324178e+01,        +1.294027338793e+01,        -6.839872061126e-02,        -7.451003573268e+01,        -3.123762216153e+01,        -1.741633471579e+02,        -2.769741346745e+01,        +1.261548975456e+01,        -6.839872061126e-02,        -7.451003573268e+01,        -2.265991791247e+01,        +1.457313865071e+01
 9.00000000e+00,        -2.207750029009e+01,        +9.772614958745e+00,        -7.430764863998e-02,        -7.674781372163e+01,        -2.753133784203e+01,        +1.010939521502e+01,        -3.099171564060e+01,        -1.767766076773e+02,        -7.430764863998e-02,        -7.674781372163e+01,        -2.209090116245e+01,        +1.326210982780e+01,        -3.097485170076e+01,        -1.766480855871e+02,        -2.751091511028e+01,        +1.021217906421e+01,        -2.753133784203e+01,        +1.010939521502e+01,        -3.097485170076e+01,        -1.766480855871e+02,        -2.214026406407e+01,        +1.078053834284e+01,        -7.390021490841e-02,        -7.665969581117e+01,        -3.099171564060e+01,        -1.767766076773e+02,        -2.751091511028e+01,        +1.021217906421e+01,        -7.390021490841e-02,        -7.665969581117e+01,        -2.214714341107e+01,        +1.239060086061e+01
 9.25000000e+00,        -2.157661644221e+01,        +7.612980669174e+00,        -8.021232077585e-02,        -7.890164617398e+01,        -2.735578288340e+01,        +7.692437566611e+00,        -3.075445474759e+01,        -1.794031005661e+02,        -8.021232077585e-02,        -7.890164617398e+01,        -2.159003232428e+01,        +1.107273975055e+01,        -3.073674112530e+01,        -1.792730758660e+02,        -2.733421495989e+01,        +7.793485426338e+00,        -2.735578288340e+01,        +7.692437566611e+00,        -3.073674112530e+01,        -1.792730758660e+02,        -2.163951767815e+01,        +8.620318029673e+00,        -7.975780443003e-02,        -7.881076996758e+01,        -3.075445474759e+01,        -1.794031005661e+02,        -2.733421495989e+01,        +7.793485426338e+00,        -7.975780443003e-02,        -7.881076996758e+01,        -2.164638483753e+01,        +1.020695305338e+01
 9.50000000e+00,        -2.108755362051e+01,        +5.452969042067e+00,        -8.649515745335e-02,        -8.105687187845e+01,        -2.718983183497e+01,        +5.260254009758e+00,        -3.052562917172e+01,        +1.779574263694e+02,        -8.649515745335e-02,        -8.105687187845e+01,        -2.110097446879e+01,        +8.882146990694e+00,        -3.050704937241e+01,        +1.780888123213e+02,        -2.716708517100e+01,        +5.359164420291e+00,        -2.718983183497e+01,        +5.260254009759e+00,        -3.050704937240e+01,        +1.780888123213e+02,        -2.115055749573e+01,        +6.459583430003e+00,        -8.598934374734e-02,        -8.096321922614e+01,        -3.052562917172e+01,        +1.779574263694e+02,        -2.716708517100e+01,        +5.359164420291e+00,        -8.598934374735e-02,        -8.096321922614e+01,        -2.115740608772e+01,        +8.022270843831e+00
 9.75000000e+00,        -2.061008378430e+01,        +3.292532334277e+00,        -9.317425083280e-02,        -8.321344059305e+01,        -2.703328890859e+01,        +2.812638749460e+00,        -3.030505792191e+01,        +1.753052796339e+02,        -9.317425083280e-02,        -8.321344059305e+01,        -2.062350041348e+01,        +6.690460734022e+00,        -3.028559548992e+01,        +1.754378830196e+02,        -2.700932921811e+01,        +2.908995452198e+00,        -2.703328890859e+01,        +2.812638749460e+00,        -3.028559548992e+01,        +1.754378830196e+02,        -2.067315655259e+01,        +4.298328027536e+00,        -9.261270864237e-02,        -8.311699432083e+01,        -3.030505792191e+01,        +1.753052796339e+02,        -2.700932921811e+01,        +2.908995452198e+00,        -9.261270864237e-02,        -8.311699432083e+01,        -2.067998062397e+01,        +5.836639489714e+00
 1.00000000e+01,        -2.014398787422e+01,        +1.131649657245e+00,        -1.002675785626e-01,        -8.537129127236e+01,        -2.688598668822e+01,        +3.494112492120e-01,        -3.009258619319e+01,        +1.726408220672e+02,        -1.002675785626e-01,        -8.537129127236e+01,        -2.015739185690e+01,        +4.497815517418e+00,        -3.007222467703e+01,        +1.727744963644e+02,        -2.686077882710e+01,        +4.427827057479e-01,        -2.688598668822e+01,        +3.494112492118e-01,        -3.007222467703e+01,        +1.727744963644e+02,        -2.020709676456e+01,        +2.136567134757e+00,        -9.964566841045e-02,        -8.527203534720e+01,        -3.009258619319e+01,        +1.726408220672e+02,        -2.686077882710e+01,        +4.427827057478e-01,        -9.964566841045e-02,        -8.527203534720e+01,        -2.021389073607e+01,        +3.650154486995e+00
